"Step","TimeStamp","EplasedTime","Action"
"1","11:05:10","0","Set Recovery Model to Simple"
"2","11:05:11","0","Update Database Compatibility Level"
"3","11:05:11","0","Calculate file space needed for dataspace migration"
"4","11:05:11","0","Preallocate database file space"
"5","11:05:12","0","Turn off RCSI"
"6","11:05:25","0","Write service level to stamp"
"7","11:05:25","0","Prepare for Major Upgrade"
"8","11:05:25","0","Upgrade Framework Common database to Dev14.M62"
"9","11:05:25","0","Upgrade Framework Shared database to Dev14.M62"
"10","11:05:25","0","Update Database Id in the Dataspace Table if present"
"11","11:05:25","0","Adding columns to tbl_plan"
"12","11:05:26","0","Upgrade TestManagement database to Dev14.M62"
"13","11:05:26","0","Upgrade WorkItem database to Dev14.M62 (Pre Upgrade)"
"14","11:05:26","0","Upgrade WorkItem database to Dev14.M62"
"15","11:05:27","0","Upgrade VersionControl database to Dev14.M62"
"17","11:05:27","0","Fix most of DatabasePartition schema outside of the lock"
"18","11:05:27","0","Upgrade Framework Common database to Dev14.M63"
"19","11:05:28","0","Upgrade Framework Shared database to Dev14.M63"
"21","11:05:28","0","Upgrade Framework database to Dev14.M63"
"22","11:05:28","0","Upgrade WorkItem database to Dev14.M63"
"23","11:05:30","0","Clean up work item data"
"24","11:05:30","0","Upgrade TestManagement database to Dev14.M63"
"25","11:05:30","0","Upgrade VersionControl database to Dev14.M63"
"26","11:05:30","0","Upgrade Git database to Dev14.M63"
"27","11:05:30","0","Upgrade Framework Common database to Dev14.M64"
"28","11:05:31","0","Upgrade Framework Shared database to Dev14.M64"
"29","11:05:31","0","Populate IsRemotable column in tbl_SecurityNamespace"
"30","11:05:31","0","Upgrade WorkItem database to Dev14.M64"
"31","11:05:31","0","Upgrade WorkItem database to Dev14.M64 (no lock)"
"32","11:05:33","0","Set work item change watermark offset"
"33","11:05:33","0","Migrate Work Items to Long Schema"
"34","11:06:34","1","Upgrade TestManagement database to Dev14.M64"
"35","11:06:34","1","Add a row for TestAgentCounter"
"36","11:06:34","1","Upgrade Framework Shared database to Dev14.M65"
"37","11:06:34","1","Upgrade Framework Common database to Dev14.M65"
"38","11:06:34","1","Drop ServiceLevel column from tbl_DatabasePartitionMap"
"40","11:06:34","1","Upgrade Git database to Dev14.M65"
"41","11:06:34","1","Fix WorkItem database schema (part 1)"
"42","11:06:34","1","Upgrade WorkItem database to Dev14.M65"
"43","11:06:35","1","Fix WorkItem database schema (part 2)"
"44","11:06:35","1","Drop unused types"
"45","11:06:35","1","Upgrade Framework Shared database to Dev14.M66"
"46","11:06:35","1","Upgrade WorkItem database to Dev14.M66"
"47","11:06:36","1","Drop unused tables"
"48","11:06:36","1","Upgrade Git database to Dev14.M66"
"49","11:06:36","1","Upgrade Mention database to Dev14.M66"
"50","11:06:36","1","Upgrade VersionControl database to Dev14.M66"
"51","11:06:36","1","Upgrade Agile database to Dev14.M66"
"52","11:06:36","1","Remove the TFS_DATABASE_CATEGORIES database stamp"
"53","11:06:36","1","Upgrade Framework Shared database to Dev14.M67"
"54","11:06:36","1","Upgrade Framework database to Dev14.M67"
"55","11:06:36","1","Upgrade TestManagement database to Dev14.M67"
"56","11:06:36","1","Upgrade WorkItem database to Dev14.M67"
"57","11:06:37","1","Upgrade Git database to Dev14.M67"
"58","11:06:37","1","Upgrade Git security to Dev14.M67"
"59","11:06:37","1","Upgrade VersionControl database to Dev14.M67"
"60","11:06:38","1","Populate Framework Dataspaces"
"61","11:06:38","1","Create Compression tables and sprocs"
"62","11:06:38","1","Migrate Framework Tables to Dataspace"
"63","11:07:39","2","Migrate tbl_PropertyArtifactKind and tbl_SecurityNamespace"
"64","11:07:39","2","Upgrade Framework Shared database to Dev14.M68"
"65","11:07:39","2","Install Counter Status Data"
"66","11:07:39","2","Remove objects installed from tfspreupgrade"
"67","11:07:39","2","Upgrade Framework database to Dev14.M68"
"68","11:07:39","2","Update Test Management schema (preupgrade) to Dev14.M68"
"69","11:07:39","2","Upgrade TestManagement database to Dev14.M68"
"71","11:07:40","2","Upgrade VersionControl database to Dev14.M68"
"72","11:07:40","2","Setup new fields tables"
"73","11:07:40","2","Upgrade WorkItem database to Dev14.M68"
"74","11:07:41","2","Clean up dynamic schema"
"75","11:07:47","2","Upgrade Git database to Dev14.M68"
"76","11:07:47","2","Configure Framework Servicing Tokens"
"77","11:07:47","2","Configure Catalog Servicing Tokens"
"78","11:07:47","2","Create the Catalog Resource Types"
"79","11:07:47","2","Migrate Framework Tables to Dataspace"
"80","11:07:49","2","Upgrade Framework database to Dev14.M69 (Custom)"
"81","11:07:49","2","Upgrade Framework Shared database to Dev14.M69"
"82","11:07:50","2","Upgrade Catalog to Dev14.M69"
"83","11:07:50","2","Drop prc_SetSnapshotInstanceSecurityData"
"85","11:07:50","2","Upgrade Chat database to Dev14.M69"
"86","11:07:50","2","Upgrade Integration database to Dev14.M69"
"87","11:07:50","2","Upgrade LabExecution database to Dev14.M69"
"88","11:07:50","2","Upgrade Git database to Dev14.M69"
"89","11:07:50","2","Upgrade VersionControl database to Dev14.M69"
"90","11:07:50","2","Upgrade WorkItem database to Dev14.M69"
"91","11:07:50","2","Update Test Management schema (preupgrade) to Dev14.M69"
"92","11:07:50","2","Upgrade TestManagement database to Dev14.M69"
"94","11:07:51","2","Upgrade Framework database to Dev14.M70"
"95","11:07:51","2","Update Generic Sql Job definitions"
"96","11:07:51","2","Add abbreviation column to tbl_projects, create dataspaces for all existing projects, and add project_deleted column to tbl_node"
"97","11:07:51","2","Upgrade Framework and Integration databases to Dev14.M70"
"98","11:07:51","2","Set project_deleted column in tbl_nodes_tombstone, drop sequence_id from tbl_projects_tombstone column, and remove obsolete Inte"
"99","11:07:51","2","Upgrade WorkItem database to Dev14.M70 (nolock)"
"100","11:07:51","2","Upgrade WorkItem database to Dev14.M70"
"101","11:07:52","2","Drop old WIT tables"
"102","11:07:52","2","Drop old WIT types"
"103","11:07:52","2","Drop old WIT sprocs"
"104","11:07:52","2","Upgrade Git database to Dev14.M70 part 1"
"105","11:07:52","2","Upgrade Git database to Dev14.M70"
"106","11:07:52","2","Upgrade TestManagement database to Dev14.M70"
"107","11:07:53","2","Add a row for TestAgentDtlMachineCounter"
"108","11:07:53","2","Upgrade CodeSense database to Dev14.M70"
"109","11:07:53","2","Upgrade VersionControl database to Dev14.M70"
"110","11:07:53","2","Migrate Event Tables to Dataspace"
"111","11:07:53","2","Upgrade Framework database to Dev14.M71 (Custom)"
"112","11:07:53","2","Upgrade Framework database to Dev14.M71"
"115","11:07:53","2","Upgrade Framework database to Dev14.M71 (Custom)"
"116","11:07:53","2","Migrate Project security tokens"
"117","11:07:54","2","Upgrade Framework database to Dev14.M71"
"118","11:07:54","2","Migrate Project security tokens cleanup (drop trigger and delete source rows)"
"119","11:07:54","2","Upgrade Chat database to Dev14.M71"
"120","11:07:54","2","Upgrade WorkItem database to Dev14.M71 (nolock)"
"121","11:07:55","2","Upgrade WorkItem database to Dev14.M71"
"122","11:07:55","2","Drop old WIT types"
"123","11:07:55","2","Upgrade Git database to Dev14.M71"
"124","11:07:55","2","Upgrade Git database to Dev14.M71 Part 2"
"125","11:07:55","2","Upgrade TestManagement database to Dev14.M71"
"127","11:07:55","2","Upgrade CodeSense database to Dev14.M71"
"128","11:07:55","2","Upgrade VersionControl database to Dev14.M71"
"129","11:07:55","2","Upgrade Build database to Dev14.M71"
"130","11:07:55","2","Upgrade Framework database to Dev14.M72"
"133","11:07:56","2","Upgrade WorkItem database to Dev14.M72 (nolock)"
"134","11:07:56","2","Upgrade WorkItem database to Dev14.M72"
"135","11:07:56","2","Upgrade VersionControl database to Dev14.M72"
"136","11:07:56","2","Upgrade Git database to Dev14.M72 pre schema"
"137","11:07:56","2","Upgrade Git database to Dev14.M72"
"138","11:07:56","2","Upgrade Git database to Dev14.M72 post schema"
"139","11:07:56","2","Create Policy Database"
"142","11:07:56","2","Upgrade TestManagement database(preupgrade) to Dev14.M72"
"143","11:07:56","2","Upgrade TestManagement database to Dev14.M72"
"144","11:07:57","2","Upgrade TestManagement database(post upgrade) to Dev14.M72 (no lock)"
"145","11:07:57","2","Upgrade Process database to Dev14.M72"
"147","11:07:57","2","Upgrade Build database to Dev14.M72"
"148","11:07:57","2","Setup TFS_PARTITION_SCRIPTS_FOR_M73 token"
"149","11:07:57","2","Migrate File Table to Dataspace"
"150","11:15:06","9","Upgrade Framework database to Dev14.M73"
"151","11:15:08","9","Upgrade security service (FrameworkShared) to Dev14.M73"
"152","11:15:08","9","Upgrade Git database to Dev14.M73"
"153","11:15:08","9","Upgrade VersionControl database to Dev14.M73"
"154","11:15:09","9","Upgrade WorkItem database to Dev14.M73"
"155","11:15:09","9","Upgrade TestManagement database to Dev14.M73"
"157","11:15:09","9","Upgrade Process database to Dev14.M73"
"160","11:15:09","9","Upgrade Integration database to Dev14.M73"
"162","11:15:09","9","Upgrade Build database to Dev14.M73"
"163","11:15:09","9","Upgrade Property Definition to Dev14.M74"
"164","11:15:09","9","Upgrade File Service to Dev14.M74"
"165","11:15:11","10","Upgrade StrongBox to Dev14.M74"
"166","11:15:11","10","Upgrade Framework Common, Shared database to Dev14.M74"
"167","11:15:11","10","Upgrade Orchestration database to Dev14.M74"
"168","11:15:11","10","Upgrade DistributedTask database to Dev14.M74 (On-Prem)"
"169","11:15:11","10","Upgrade DistributedTask database to Dev14.M74"
"171","11:15:11","10","Upgrade DistributedTaskOrchestration database to Dev14.M74 (On-Prem)"
"172","11:15:12","10","Upgrade DistributedTaskOrchestration database to Dev14.M74"
"174","11:15:12","10","Upgrade Framework database to Dev14.M74"
"175","11:15:12","10","Upgrade Chat database to Dev14.M74"
"176","11:15:12","10","Create Test Management dataspaces for all existing projects and at collection level"
"177","11:15:12","10","Migrate tbl_Project table to TCM Dataspace"
"178","11:15:12","10","Upgrade TestManagement database to Dev14.M74"
"179","11:15:13","10","Upgrade WorkItem database to Dev14.M74 (nolock)"
"180","11:15:13","10","Upgrade WorkItem database to Dev14.M74"
"181","11:15:13","10","Upgrade WorkItem database to Dev14.M74 (classification node migration)"
"182","11:15:24","10","Upgrade CodeSense database to Dev14.M74"
"183","11:15:24","10","Upgrade Build2 database to Dev14.M74 (On-Prem)"
"184","11:15:24","10","Upgrade Build2 database to Dev14.M74 (custom)"
"185","11:15:24","10","Upgrade Build2 database to Dev14.M74"
"186","11:15:24","10","Upgrade Policy tables to Dev14.M74"
"187","11:15:24","10","Upgrade Policy sprocs to Dev14.M74"
"188","11:15:25","10","Transform policy data to match new table definition"
"189","11:15:25","10","Upgrade VersionControl database to Dev14.M74"
"190","11:15:25","10","Upgrade Git database to Dev14.M74 pre-schema"
"191","11:15:25","10","Upgrade Git database to Dev14.M74"
"192","11:15:25","10","Upgrade Git database to Dev14.M74 post-schema"
"194","11:15:25","10","Upgrade Framework Common database to Dev14.M75"
"195","11:15:25","10","Upgrade Framework database to Dev14.M74 part3 (nolock)"
"196","11:15:25","10","Upgrade Orchestration database to Dev14.M75"
"197","11:15:25","10","Upgrade DistributedTask database to Dev14.M75"
"198","11:15:25","10","Upgrade DistributedTaskOrchestration database to Dev14.M75"
"199","11:15:25","10","Upgrade Build2 database to Dev14.M75 (custom)"
"200","11:15:25","10","Upgrade Build2 database to Dev14.M75"
"201","11:15:26","10","Upgrade TestManagement database(preupgrade) to Dev14.M75"
"202","11:15:26","10","Upgrade TestManagement database to Dev14.M75"
"203","11:15:26","10","Upgrade TestManagement database(post upgrade) to Dev14.M75"
"204","11:15:26","10","Upgrade Policy database to Dev14.M75"
"205","11:15:26","10","Upgrade Framework Projects to Dev14.M75"
"206","11:15:26","10","Upgrade Framework database to Dev14.M75"
"207","11:15:26","10","Update Default Process Templates (OnPrem)"
"208","11:15:26","10","Populate Team-Project Map"
"210","11:15:26","10","Convert Team-Project Map to use local Ids"
"211","11:15:26","10","Upgrade WorkItem database to Dev14.M75"
"213","11:15:26","10","Upgrade Git database to Dev14.M75"
"214","11:15:26","10","Drop GitPullRequestMergeData Table"
"215","11:15:26","10","Drop GitPullRequestMergeData Type"
"216","11:15:26","10","Drop GitPullRequestMergeData SProcs"
"217","11:15:26","10","Upgrade Discussion database to Dev14.M75"
"218","11:15:26","10","Create Service Hooks Schema"
"219","11:15:27","10","Migrate property definition"
"220","11:15:34","10","Migrate Tagging Tables to Dataspace"
"221","11:15:35","10","Upgrade Framework Common database to Dev14.M76"
"222","11:15:35","10","Upgrade DistributedTask partition database to Dev14.M76"
"223","11:15:35","10","Upgrade DistributedTask database to Dev14.M76 (custom part 1)"
"224","11:15:35","10","Upgrade DistributedTaskOrchestration partition database to Dev14.M76"
"225","11:15:35","10","Migrate Process Tables to Dataspace"
"226","11:15:37","10","Upgrade Process database to Dev14.M76"
"227","11:15:37","10","Upgrade TestManagement database(preupgrade) to Dev14.M76"
"228","11:15:37","10","Upgrade TestManagement database to Dev14.M76"
"229","11:15:37","10","Upgrade Git database to Dev14.M76"
"230","11:15:37","10","Migrate tbl_Mention table to include Dataspace"
"231","11:15:38","10","Upgrade MentionService database to Dev14.M76"
"232","11:15:38","10","Upgrade Chat database to Dev14.M76"
"233","11:15:38","10","Upgrade Build2 database to Dev14.M76 (custom)"
"234","11:15:38","10","Upgrade Build2 database to Dev14.M76"
"235","11:15:38","10","Upgrade VersionControl database to Dev14.M76"
"236","11:15:38","10","Upgrade project tombstone tables to Dev14.M76"
"237","11:15:38","10","Upgrade Framework database to Dev14.M76"
"238","11:15:38","10","Fixup ProjectState column values in ProjectHistory table for Dev14.M76"
"239","11:15:38","10","Upgrade Integration database to Dev14.M76"
"240","11:15:38","10","Drop unused stored procedures"
"241","11:15:38","10","Upgrade Framework database to Dev14.M76 - Update Tagging Security namespace to use Token Translator"
"242","11:15:38","10","Migrate Tagging security tokens"
"243","11:15:38","10","Migrate Tagging security tokens cleanup (drop trigger and delete source rows)"
"244","11:15:38","10","Upgrade WorkItem database to Dev14.M76"
"245","11:15:39","10","Drop old WIT tables"
"246","11:15:39","10","Drop old WIT types"
"247","11:15:39","10","Upgrade CodeSense database to Dev14.M76"
"248","11:15:39","10","Upgrade CodeLens database to Dev14.M76 - compress tbl_AggregateMap"
"249","11:15:39","10","Upgrade Build database to Dev14.M76"
"250","11:15:39","10","Prepare to upgrade ServiceHooks database to Dev14.76"
"251","11:15:39","10","Migrate Service Hooks Tables to Dataspace"
"252","11:15:39","10","Upgrade ServiceHooks database to Dev14.M76"
"253","11:15:40","10","Upgrade Framework Common database to Dev14.M78"
"254","11:15:40","10","Upgrade DistributedTask database to Dev14.M78"
"255","11:15:40","10","Upgrade DistributedTaskOrchestration database to Dev14.M78"
"256","11:15:40","10","Upgrade DistributedTaskOrchestration database to Dev14.M78 (part 2)"
"257","11:15:40","10","Upgrade Build2 database to Dev14.M78 (custom)"
"258","11:15:40","10","Upgrade Build2 database to Dev14.M78"
"259","11:15:40","10","Migrate Charting Tables to Dataspace"
"260","11:15:41","10","Upgrade ReportingDataServices database to Dev14.M78"
"261","11:15:42","10","Upgrade TestManagement database to Dev14.M78"
"262","11:15:42","10","Upgrade Policy database to Dev14.M78"
"263","11:15:42","10","Migrate QueryItem Table to Dataspace"
"264","11:15:42","10","Upgrade WorkItem database to Dev14.M78"
"265","11:15:43","10","Upgrade WorkItem database to Dev14.M78 (nolock)"
"266","11:15:44","10","Prepare to upgrade CodeSense database to Dev14.78"
"267","11:15:44","10","Migrate CodeSense Tables to Dataspace"
"268","11:15:58","10","Upgrade CodeSense database to Dev14.M78"
"269","11:15:58","10","Upgrade Git database to Dev14.M78"
"270","11:15:58","10","Upgrade VersionControl database to Dev14.M78"
"271","11:15:58","10","Add IsSplit column to tbl_Board for Dev14.M78"
"272","11:15:58","10","Upgrade Process database to Dev14.M78"
"273","11:15:58","10","Upgrade Build database to Dev14.M78"
"274","11:15:58","10","Compress framework tables"
"275","11:15:58","10","Migrate File Container Tables to Dataspace"
"276","11:15:59","10","Upgrade Framework database to Dev14.M79"
"277","11:15:59","10","Upgrade Orchestration database to Dev14.M79"
"278","11:15:59","10","Upgrade DistributedTask database to Dev14.M79"
"279","11:15:59","10","Upgrade DistributedTaskOrchestration database to Dev14.M79"
"280","11:15:59","10","Prepare project schema and SProcs for upgrade to Dev14.M79"
"281","11:15:59","10","Update project tables and rebuild indexes for Dev14.M79"
"282","11:15:59","10","Make project namespace remotable"
"283","11:15:59","10","Update security namespaces to use token translators"
"284","11:15:59","10","Migrate area node security tokens"
"285","11:16:00","10","Migrate iteration node security tokens"
"286","11:16:02","10","Upgrade Framework database to Dev14.M79"
"287","11:16:02","10","Migrate area node security tokens cleanup"
"288","11:16:02","10","Migrate iteration node security tokens cleanup"
"289","11:16:03","10","Upgrade WorkItem database to Dev14.M79 (nolock)"
"290","11:16:03","10","Migrate provisioning security tokens"
"291","11:16:03","10","Migrate query folder security tokens"
"292","11:16:04","10","Upgrade WorkItem database to Dev14.M79"
"293","11:16:04","10","Migrate provisioning security tokens cleanup"
"294","11:16:04","10","Migrate query folder security tokens cleanup"
"295","11:16:04","10","Upgrade TestManagement database(pre upgrade) to Dev14.M79"
"296","11:16:04","10","Migrate Plan Table to Dataspace"
"297","11:16:04","10","Migrate PlanData Table to Dataspace"
"298","11:16:04","10","Migrate Session Table to Dataspace"
"299","11:16:04","10","Migrate Suite Table to Dataspace"
"300","11:16:04","10","Migrate TestRun Table to Dataspace"
"301","11:16:06","10","Migrate TestPlanLink Table to Dataspace"
"302","11:16:06","10","Migrate SuiteData Table to Dataspace"
"303","11:16:06","10","Migrate Configuration Table to Dataspace"
"304","11:16:07","10","Migrate TestFailureType Table to Dataspace"
"305","11:16:07","10","Migrate TestResolutionState Table to Dataspace"
"306","11:16:07","10","Migrate TestSettings Table to Dataspace"
"307","11:16:07","10","Migrate Variable Table to Dataspace"
"308","11:16:07","10","Migrate BugFieldMapping Table to Dataspace"
"309","11:16:07","10","Migrate BuildConfiguration Table to Dataspace"
"310","11:16:07","10","Migrate TestBuild Table to Dataspace"
"311","11:16:08","10","Migrate AuditLog Table to Dataspace"
"312","11:16:08","10","Migrate CloneOperation Table to Dataspace"
"313","11:16:08","10","Upgrade TestManagement database to Dev14.M79"
"314","11:16:10","11","Add Git repository index pointer columns"
"315","11:16:10","11","Upgrade Git database to Dev14.M79"
"316","11:16:10","11","Drop constraint on index pointers so new ones get NULL"
"317","11:16:10","11","Create Build dataspaces for all projects"
"318","11:16:10","11","Migrate Build Project security tokens"
"319","11:16:10","11","Migrate Build2 Project properties"
"320","11:16:13","11","Create RepositoryType dataspace table"
"321","11:16:13","11","Create TagString dataspace table"
"322","11:16:13","11","Migrate Build2 Tables to Dataspace"
"323","11:16:13","11","Upgrade Build2 database to Dev14.M79"
"324","11:16:14","11","Migrate Build Project security tokens cleanup (drop trigger and delete source rows)"
"325","11:16:14","11","Migrate Build2 Project properties cleanup (drop trigger and delete source rows)"
"326","11:16:14","11","Drop tbl_Project from Build"
"327","11:16:14","11","Upgrade Project and Team Configuration Properties tables for Bugs On Taskboard Feature"
"328","11:16:14","11","Upgrade CodeSense database to Dev14.M79"
"329","11:16:14","11","Upgrade CodeReview database to Dev14.M79"
"330","11:16:14","11","Upgrade DevTestLabs database to Dev14.M79"
"331","11:16:15","11","Upgrade Framework Common database to Dev14.M80"
"332","11:16:15","11","Upgrade Orchestration database to Dev14.M80"
"333","11:16:15","11","Upgrade DistributedTask database to Dev14.M80 (Security Namespace Preparation)"
"334","11:16:15","11","Upgrade DistributedTask database to Dev14.M80 (Security Namespace Migration)"
"335","11:16:15","11","Upgrade DistributedTask database to Dev14.M80 (Security Namespace Cleanup)"
"336","11:16:15","11","Upgrade DistributedTask database to Dev14.M80"
"338","11:16:15","11","Prepare DistributedTaskOrchestration for Dataspace Migration"
"339","11:16:15","11","Create tbl_TimelineString dataspace table"
"340","11:16:15","11","Migrate DistributedTaskOrchestration Tables to Dataspace"
"341","11:16:16","11","Upgrade DistributedTaskOrchestration TFS database to Dev14.M80"
"342","11:16:16","11","Fixup ProjectRevision Counter Dataspaces for Dev14.M80"
"343","11:16:16","11","Upgrade Framework database to Dev14.M80"
"344","11:16:16","11","Prepare for dataspace migration"
"345","11:16:17","11","Fix classification nodes for migration"
"346","11:16:17","11","Migrate WorkItemLongTexts to Dataspace"
"347","11:16:46","11","Update WorkItemLongTexts Fulltext Index"
"348","11:16:46","11","Upgrade WorkItem database to Dev14.M80 (nolock)"
"349","11:16:46","11","Transform Area Path and Iteration Path in Wiql"
"350","11:16:47","11","Migrate WorkItem Tables to Dataspace"
"351","11:17:43","12","Wait for fulltext index population"
"352","11:17:43","12","Update work item tagging data to use dataspace"
"353","11:17:50","12","Upgrade WorkItem database to Dev14.M80"
"354","11:17:51","12","Drop stale fulltext index"
"355","11:17:51","12","Remove legacy work item tagging data"
"356","11:17:51","12","Drop old WIT types"
"357","11:17:51","12","Add non-RC upgrade step"
"358","11:17:51","12","Upgrade Build2 database to Dev14.M80"
"359","11:17:51","12","Migrate TCM Area Path Table to Dataspace"
"360","11:17:51","12","Migrate TCM Iteration Path Table to Dataspace"
"361","11:17:52","12","Upgrade TestManagement database to Dev14.M80"
"362","11:17:52","12","Create Lab Management dataspaces for all existing projects"
"363","11:17:52","12","Create LabManagement Dataspace tables for Migration"
"364","11:17:52","12","Migrate LabOperation Table to Dataspace"
"365","11:17:52","12","Migrate LabObject Table to Dataspace"
"366","11:17:53","12","Migrate LabTemplate Table to Dataspace"
"367","11:17:53","12","Migrate LabObjectProperty Table to Dataspace"
"368","11:17:53","12","Migrate LabObjectInUseMarker Table to Dataspace"
"369","11:17:53","12","Migrate LabLocation Table to Dataspace"
"370","11:17:53","12","Migrate LabHostGroup Table to Dataspace"
"371","11:17:53","12","Migrate LabLibraryShare Table to Dataspace"
"372","11:17:53","12","Migrate LabEnvironment Table to Dataspace"
"373","11:17:53","12","Migrate FenceConfiguration Table to Dataspace"
"374","11:17:53","12","Migrate TestMachine Table to Dataspace"
"375","11:17:53","12","Migrate LabSystem Table to Dataspace"
"376","11:17:53","12","Migrate FencedLabSystemConfiguration Table to Dataspace"
"377","11:17:53","12","Migrate LabForwardLink Table to Dataspace"
"378","11:17:53","12","Migrate LECheckpoint Table to Dataspace"
"379","11:17:53","12","Migrate LSCheckpoint Table to Dataspace"
"380","11:17:54","12","Migrate DeploymentTask Table to Dataspace"
"381","11:17:54","12","Migrate PurgedObject Table to Dataspace"
"382","11:17:54","12","Upgrade LabExecution database to Dev14.M80"
"383","11:17:55","12","Backup LabProject Table after upgrade"
"384","11:17:55","12","Upgrade Policy database to Dev14.M80"
"385","11:17:55","12","Migrate BuildDefinition  properties"
"386","11:17:55","12","Migrate BuildDeployment  properties"
"387","11:17:55","12","Upgrade Build database to Dev14.M80 - Install TFVC helpers"
"388","11:17:55","12","Migrate Build Tables to Dataspace"
"389","11:23:24","18","Upgrade Build database to Dev14.M80"
"390","11:23:25","18","Migrate BuildDefinition properties cleanup (drop trigger and delete source rows)"
"391","11:23:25","18","Migrate BuildDeployment properties cleanup (drop trigger and delete source rows)"
"392","11:23:25","18","Upgrade Process database to Dev14.M80"
"397","11:23:25","18","Upgrade ReportingDataServices database to Dev14.M80 (nolock)"
"398","11:23:25","18","Upgrade ReportingDataServices database to Dev14.M80"
"399","11:23:25","18","Upgrade Git database to Dev14.M80"
"400","11:23:25","18","Replicate data from tbl_projects to tbl_VCFirstRunProject"
"401","11:23:25","18","Misc VersionControl pre-dataspace upgrade steps"
"402","11:23:26","18","Create bidirectional sync triggers for RepositorySecurity and RepositorySecurity2"
"403","11:23:26","18","Replicate data from RepositorySecurity to RepositorySecurity2"
"404","11:23:27","18","Migrate TFVC Tables to dataspaces"
"405","12:26:12","81","Migrate TFVC VersionedItem properties to dataspaces"
"406","12:31:13","86","Migrate TFVC Annotation properties to dataspaces"
"407","12:31:20","86","Complete VersionControl dataspace migration, clean up helper functions, upgrade VersionControl database to Dev14.M80"
"408","12:31:24","86","Fixup tbl_FileReference table after pre-upgrade"
"409","12:31:26","86","Migrate TFVC VersionedItem properties to dataspaces (cleanup)"
"410","12:31:26","86","Migrate TFVC Annotation properties to dataspaces (cleanup)"
"411","12:31:26","86","Post schema change cleanup for TFVC dataspace migration"
"412","12:31:27","86","Replace project names with Guids in TFVC paths for discussion elements in tbl_PropertyValue"
"413","12:31:28","86","Make column ActionDescription nullable on hooks.tbl_subscription."
"414","12:31:28","86","Upgrade CodeReview database to Dev14.M80"
"415","12:31:29","86","Upgrade DevTestLabs database to Dev14.M80"
"416","12:31:29","86","Drop V1 SQL Schemas"
"417","12:31:29","86","Upgrade ReleaseManagement2 database to Dev14.M80"
"418","12:31:29","86","Upgrade Location Service Dev14.M81"
"419","12:31:29","86","Upgrade Framework Common database to Dev14.M81"
"420","12:31:29","86","Upgrade Location Service Dev14.M81 After Upgrade"
"421","12:31:29","86","Upgrade Framework database to Dev14.M81"
"422","12:31:29","86","Upgrade Policy database to Dev14.M81"
"423","12:31:29","86","Upgrade Policy tables to Dev14.M81"
"424","12:31:30","86","Upgrade WorkItem database to Dev14.M81 (nolock)"
"425","12:31:30","86","Upgrade WorkItem database to Dev14.M81"
"426","12:31:30","86","Upgrade VersionControl database to Dev14.M81"
"427","12:31:31","86","Upgrade Process database to Dev14.M81"
"428","12:31:31","86","Upgrade TestManagement database(pre upgrade) to Dev14.M81"
"429","12:31:31","86","Upgrade TestManagement database to Dev14.M81"
"430","12:31:31","86","Upgrade Git database to Dev14.M81"
"431","12:31:31","86","Upgrade Build2 database to Dev14.M81"
"432","12:31:31","86","Upgrade Build database to Dev14.M81"
"433","12:31:31","86","Upgrade CodeSense database to Dev14.M81"
"434","12:31:31","86","Update code review service related table schema."
"435","12:31:31","86","Upgrade CodeReview database to Dev14.M81"
"436","12:31:31","86","Upgrade DevTestLabs database to Dev14.M81"
"437","12:31:31","86","Alter EnvironmentDefinition Table"
"438","12:31:31","86","Upgrade Framework Common database to Dev14.M82"
"439","12:31:31","86","Update Partition states"
"440","12:31:31","86","Upgrade Orchestration database to Dev14.M82"
"441","12:31:31","86","Upgrade DistributedTask database to Dev14.M82 (Prepare)"
"442","12:31:31","86","Upgrade DistributedTask database to Dev14.M82"
"443","12:31:32","86","Upgrade DistributedTaskOrchestration database to Dev14.M82 (Isolate Counters)"
"444","12:31:32","86","Upgrade DistributedTaskOrchestration database to Dev14.M82"
"445","12:31:32","86","Upgrade DistributedTaskOrchestration database to Dev14.M82 (Cleanup Counters)"
"446","12:31:32","86","Upgrade WorkItem database to Dev14.M82 (nolock)"
"447","12:31:33","86","Upgrade WorkItem database to Dev14.M82"
"448","12:31:33","86","Upgrade Framework database to Dev14.M82"
"449","12:31:33","86","Upgrade Framework database to Dev14.M82 (Custom)"
"450","12:31:33","86","Upgrade ProjectWatermark Table to Dev14.M82"
"451","12:31:33","86","Update File Dataspaces"
"452","12:31:35","86","Add File Dataspaces"
"453","12:31:35","86","Upgrade Build2 database to Dev14.M82 (custom part 1)"
"454","12:31:35","86","Upgrade Build2 database to Dev14.M82"
"455","12:31:35","86","Upgrade Build2 database to Dev14.M82 (custom part 2)"
"456","12:31:35","86","Upgrade Process database to Dev14.M82"
"457","12:31:35","86","Upgrade TestManagement database to Dev14.M82"
"458","12:31:35","86","Delete placeholder projects created in M80 upgrade or TFS 2013 to TFS 2015 TfsPreupgrade"
"459","12:31:37","86","Drop triggers and data for legacy RepositorySecurity security namespace"
"460","12:31:37","86","Upgrade VersionControl database to Dev14.M82"
"461","12:31:38","86","Upgrade Discussion database to Dev14.M82"
"462","12:31:38","86","Upgrade Policy tables to Dev14.M82"
"463","12:31:39","86","Upgrade Policy database to Dev14.M82"
"464","12:31:39","86","Upgrade Policy table data to Dev14.M82"
"465","12:31:39","86","Upgrade Git database to Dev14.M82"
"466","12:31:39","86","Migrate WIT V1 Subscriptions to V2"
"467","12:31:39","86","Update code review service related table schema."
"468","12:31:39","86","Upgrade CodeReview database to Dev14.M82"
"469","12:31:39","86","Upgrade DevTestLabs database to Dev14.M82"
"470","12:31:39","86","Pre Upgrade ReleaseManagement2 database to Dev14.M81"
"471","12:31:39","86","Upgrade ReleaseManagement2 database to Dev14.M81"
"472","12:31:39","86","Post Upgrade ReleaseManagement2 database to Dev14.M81"
"474","12:31:39","86","Pre Upgrade ReleaseManagement2 database to Dev14.M82"
"475","12:31:39","86","Upgrade ReleaseManagement2 database to Dev14.M82"
"476","12:31:39","86","Post Upgrade ReleaseManagement2 database to Dev14.M82"
"478","12:31:40","86","Cleanup dataspace backup tables"
"479","12:31:42","86","Upgrade Framework Common database to Dev14.M83"
"480","12:31:42","86","Delete Quota schema"
"481","12:31:42","86","Upgrade DistributedTask database to Dev14.M83"
"482","12:31:42","86","Upgrade DistributedTaskOrchestration database to Dev14.M83 (Fix TimelineString length limitation)"
"483","12:31:42","86","Upgrade DistributedTaskOrchestration database to Dev14.M83"
"484","12:31:42","86","Upgrade WorkItem database to Dev14.M83 (nolock)"
"485","12:31:50","86","Upgrade WorkItem database to Dev14.M83"
"486","12:31:50","86","Fix links tables if needed (nolock)"
"487","12:31:51","86","Fix Authorized Dates for OnPrem"
"488","12:32:02","86","Upgrade TestManagement database (pre upgrade) to Dev14.M83"
"489","12:32:02","86","Migrate Test Run Extended Table to Dataspace"
"490","12:32:02","86","Upgrade TestManagement database to Dev14.M83"
"491","12:32:02","86","Pre-Upgrade Process database to Dev14.M83 (Custom)"
"492","12:32:02","86","Upgrade Process database to Dev14.M83"
"493","12:32:02","86","Upgrade Git database to Dev14.M83"
"494","12:32:02","86","Upgrade Build database to Dev14.M83"
"495","12:32:02","86","Upgrade Build2 database to Dev14.M83"
"496","12:32:03","86","Migrate Project security tokens"
"497","12:32:03","86","Migrate Project security tokens cleanup (drop trigger and delete source rows)"
"498","12:32:03","86","Migrate Tagging security tokens"
"499","12:32:03","86","Migrate Tagging security tokens cleanup (drop trigger and delete source rows)"
"500","12:32:03","86","Migrate area node security tokens"
"501","12:32:03","86","Migrate area node security tokens cleanup"
"502","12:32:03","86","Migrate iteration node security tokens"
"503","12:32:03","86","Migrate iteration node security tokens cleanup"
"504","12:32:03","86","Migrate provisioning security tokens"
"505","12:32:03","86","Migrate provisioning security tokens cleanup"
"506","12:32:03","86","Migrate query folder security tokens"
"507","12:32:03","86","Migrate query folder security tokens cleanup"
"508","12:32:03","86","Migrate Build Project security tokens"
"509","12:32:03","86","Migrate Build Project security tokens cleanup (drop trigger and delete source rows)"
"510","12:32:03","86","Upgrade Dashboards database to Dev14.M83"
"511","12:32:03","86","TFVC M83 pre database upgrade steps"
"512","12:32:03","86","Set TFVC servicing tokens"
"513","12:32:03","86","TFVC M83 database upgrade steps"
"514","12:32:03","86","Upgrade VersionControl database to Dev14.M83"
"515","12:32:04","86","Fix RC VersionedItem properties to be project scoped"
"516","12:32:04","86","Upgrade CodeReview schema to Dev14.M83"
"517","12:32:04","86","Upgrade CodeReview database to Dev14.M83"
"518","12:32:04","86","Upgrade DevTestLabs database to Dev14.M83"
"519","12:32:04","86","Drop Tfs Project table"
"520","12:32:04","86","Upgrade ReleaseManagement2 database to Dev14.M83"
"522","12:32:04","86","Fix orphaned VC file references"
"523","12:32:05","86","Fixup file service issues"
"524","12:32:43","87","Upgrade TestManagement database (pre upgrade) to Dev14M83-Part3"
"525","12:32:43","87","Upgrade LabExecution database to Dev14.M83-Part4"
"526","12:32:44","87","Upgrade Framework Common database to Dev14.M84"
"527","12:32:44","87","Remove Process tables from non-tfs partitions"
"529","12:32:44","87","Upgrade DistributedTask database to Dev14.M84"
"530","12:32:44","87","Upgrade VersionControl database to Dev14.M84"
"531","12:32:45","87","Upgrade Framework database to Dev14.M84"
"532","12:32:45","87","Upgrade TestManagement database to Dev14.M84"
"533","12:32:45","87","Upgrade Policy database to Dev14.M84"
"534","12:32:45","87","Upgrade WorkItem database to Dev14.M84"
"535","12:32:45","87","Fix query text with missing asterisk in select statement"
"536","12:32:46","87","Upgrade Git database to Dev14.M84"
"537","12:32:46","87","Upgrade Dashboards database to Dev14.M84"
"538","12:32:46","87","Upgrade Dashboards database for mseng Dashboard Migration"
"539","12:32:46","87","Upgrade Build database to Dev14.M84"
"540","12:32:46","87","Upgrade Process database to Dev14.M84"
"541","12:32:46","87","Upgrade ServiceHooks database to Dev14.M84"
"542","12:32:46","87","Upgrade CodeReview database to Dev14.M84"
"543","12:32:46","87","Upgrade DevTestLabs database to Dev14.M84"
"544","12:32:46","87","Update Log Table"
"545","12:32:46","87","Pre Upgrade ReleaseManagement2 database to Dev14.M84"
"546","12:32:46","87","Upgrade ReleaseManagement2 database to Dev14.M84"
"547","12:32:46","87","Post Upgrade ReleaseManagement2 database to Dev14.M84"
"551","12:32:47","87","Upgrade Framework Common database to Dev14.M85"
"552","12:32:47","87","Upgrade DistributedTask database to Dev14.M85"
"553","12:32:47","87","Upgrade DistributedTaskOrchestration database to Dev14.M85"
"554","12:32:47","87","Upgrade Process Template Description column"
"555","12:32:47","87","Upgrade Framework database to Dev14.M85"
"556","12:32:47","87","Upgrade Git database to Dev14.M85"
"557","12:32:47","87","Upgrade Process database to Dev14.M85 (nolock)"
"558","12:32:47","87","Upgrade Process database to Dev14.M85"
"559","12:32:47","87","Upgrade WorkItem database to Dev14.M85"
"560","12:32:47","87","Fix inline attachment DataspaceIds"
"561","12:32:47","87","Upgrade TestManagement database to Dev14.M85"
"562","12:32:47","87","Upgrade VersionControl database to Dev14.M85"
"563","12:32:48","87","Upgrade Dashboards database to Dev14.M85"
"564","12:32:48","87","Upgrade Build database to Dev14.M85"
"565","12:32:48","87","Upgrade ServiceHooks database to Dev14.M85"
"566","12:32:48","87","Upgrade CodeReview database to Dev14.M85"
"567","12:32:48","87","Upgrade Discussion database to Dev14.M85"
"568","12:32:48","87","Upgrade DevTestLabs database to Dev14.M85"
"571","12:32:48","87","Pre Upgrade ReleaseManagement2 database to Dev14.M85"
"572","12:32:48","87","Upgrade ReleaseManagement2 database to Dev14.M85"
"573","12:32:49","87","Post Upgrade ReleaseManagement2 database to Dev14.M85"
"574","12:32:49","87","Add new DelayTime column to the Command table"
"575","12:32:49","87","Upgrade Framework Common database to Dev14.M86"
"577","12:32:49","87","Upgrade DistributedTask database to Dev14.M86"
"578","12:32:49","87","Upgrade DistributedTaskOrchestration database to Dev14.M86"
"579","12:32:49","87","Upgrade Dashboards database to Dev14.M86"
"580","12:32:49","87","Upgrade Process database to Dev14.M86"
"581","12:32:49","87","Upgrade VersionControl database to Dev14.M86"
"582","12:32:49","87","Upgrade Build2 database to Dev14.M86"
"583","12:32:49","87","Upgrade Git schema to Dev14.M86"
"584","12:32:50","87","Upgrade Build database to Dev14.M86"
"585","12:32:50","87","Upgrade WorkItem database to Dev14.M86"
"586","12:32:50","87","Upgrade CodeReview schema to Dev14.M86"
"587","12:32:50","87","Upgrade CodeReview database to Dev14.M86"
"588","12:32:50","87","Upgrade Discussion database to Dev14.M86"
"589","12:32:50","87","Upgrade DevTestLabs database to Dev14.M86"
"590","12:32:50","87","Remove winrm_https tag"
"593","12:32:50","87","Pre Upgrade ReleaseManagement2 database to Dev14.M86"
"594","12:32:50","87","Drop unused tables"
"595","12:32:50","87","Upgrade ReleaseManagement2 database to Dev14.M86"
"596","12:32:50","87","Remove previous application extension schema"
"597","12:32:50","87","Upgrade Framework Common database to Dev14.M87"
"598","12:32:50","87","Upgrade DistributedTaskOrchestration database to Dev14.M87"
"599","12:32:50","87","Migrate ProcessProperties Data"
"600","12:32:50","87","Upgrade Framework database to Dev14.M87"
"601","12:32:50","87","Pre Upgrade TestManagement database to Dev14.M87"
"602","12:32:50","87","Upgrade TestManagement database to Dev14.M87"
"603","12:32:50","87","Upgrade Build database to Dev14.M87"
"604","12:32:50","87","Upgrade Process database to Dev14.M87"
"605","12:32:51","87","Provide parents for extension fields"
"606","12:32:51","87","Set Install Board Fields Tokens"
"607","12:32:51","87","Install Board fields"
"608","12:32:51","87","Update System.ChangedDate and System.CreatedDate Fields"
"609","12:32:51","87","Upgrade WorkItem database to Dev14.M87"
"610","12:32:51","87","Drop old WIT types"
"611","12:32:51","87","Upgrade CodeSense database to Dev14.M87"
"612","12:32:51","87","Upgrade Git database to Dev14.M87"
"613","12:32:51","87","Upadate script to add new column to Dashboards.tbl_DashboardGroup and populate the same"
"614","12:32:51","87","Upgrade Dashboards database to Dev14.M87"
"615","12:32:51","87","Upgrade VersionControl database to Dev14.M87"
"616","12:32:52","87","Upgrade CodeReview schema to Dev14.M87"
"617","12:32:52","87","Upgrade CodeReview database to Dev14.M87"
"618","12:32:52","87","Upgrade Discussion database to Dev14.M87"
"619","12:32:52","87","Pre Upgrade ReleaseManagement2 database to Dev14.M87"
"620","12:32:52","87","Update Build Type to Dev14.M87"
"621","12:32:52","87","Upgrade ReleaseManagement2 database to Dev14.M87"
"622","12:32:52","87","Populate Release Definition Link To Dev14.M87"
"623","12:32:52","87","Post Upgrade ReleaseManagement2 database to Dev14.M87"
"624","12:32:52","87","Upgrade Framework Common database to Dev14.M88"
"627","12:32:53","87","Upgrade Orchestration database to Dev14.M88"
"628","12:32:53","87","Upgrade DistributedTask database to Dev14.M88 (custom)"
"629","12:32:53","87","Upgrade DistributedTask database to Dev14.M88"
"630","12:32:53","87","Upgrade DistributedTaskOrchestration database to Dev14.M88"
"631","12:32:53","87","Prepare to upgrade CodeSense database to Dev14.88"
"632","12:32:53","87","Upgrade CodeSense database to Dev14.M88"
"634","12:32:54","87","Upgrade Agile database to Dev14.M88"
"635","12:32:54","87","Update System.BoardColumnDone Field to reportable"
"636","12:32:54","87","Upgrade WorkItem database to Dev14.M88"
"637","12:32:55","87","Upgrade Build database to Dev14.M88"
"638","12:32:56","87","Upgrade Build2 database to Dev14.M88"
"639","12:32:56","87","Upgrade ReportingDataServices database to Dev14.M88"
"640","12:32:56","87","Upgrade Dashboards database to Dev14.M88"
"642","12:32:56","87","Upgrade script for M88 to update widget settings and name in tbl_Widgets"
"643","12:32:56","87","Upgrade Chat database to Dev14.M88"
"644","12:32:56","87","Upgrade Framework database to Dev14.M88"
"645","12:32:56","87","Upgrade Integration database to Dev14.M88"
"646","12:32:56","87","Upgrade Git database to Dev14.M88"
"647","12:32:57","87","Populate CreatorId column in tbl_GitRef"
"648","12:32:57","87","Upgrade LabExecution database to Dev14.M88"
"649","12:32:58","87","Upgrade Mention database to Dev14.M88"
"650","12:32:58","87","Upgrade Policy database to Dev14.M88"
"651","12:32:58","87","Upgrade Process database to Dev14.M88"
"652","12:32:58","87","Upgrade VersionControl database to Dev14.M88"
"653","12:32:59","87","Pre Upgrade TestManagement database to Dev14.M88"
"654","12:32:59","87","Upgrade TestManagement database to Dev14.M88"
"655","12:33:01","87","Post Upgrade TestManagement database to Dev14.M88"
"656","12:33:01","87","Upgrade ServiceHooks database to Dev14.M88"
"657","12:33:01","87","Upgrade CodeReview database to Dev14.M88"
"658","12:33:01","87","Upgrade Discussion database to Dev14.M88"
"659","12:33:01","87","Upgrade DevTestLabs database to Dev14.M88"
"661","12:33:01","87","Pre Upgrade ReleaseManagement2 database to Dev14.M88"
"662","12:33:01","87","Upgrade ReleaseManagement2 database to Dev14.M88"
"663","12:33:02","87","Post Upgrade ReleaseManagement2 database to Dev14.M88"
"664","12:33:02","87","Upgrade Framework Common database to Dev14.M89"
"665","12:33:02","87","Upgrade DistributedTask database to Dev14.M89 (custom)"
"666","12:33:02","87","Upgrade DistributedTask database to Dev14.M89"
"667","12:33:02","87","Drop Wrong Index and create new - ProcessProperties"
"668","12:33:02","87","Upgrade Framework database to Dev14.M89"
"669","12:33:02","87","Upgrade TestManagement database to Dev14.M89"
"670","12:33:02","87","Upgrade VersionControl database to Dev14.M89"
"671","12:33:03","87","Upgrade Git database to Dev14.M89"
"672","12:33:03","87","Set add new duplicate link type Tokens"
"673","12:33:03","87","Add new Duplicate link type"
"674","12:33:03","87","Alter work item type extensions table"
"675","12:33:03","87","Adding new index on WI files"
"676","12:33:03","87","Upgrade WorkItem database to Dev14.M89"
"677","12:33:04","87","Add Metadata Information for BackCompat"
"678","12:33:04","87","Fix Classification Nodes"
"679","12:33:09","87","Drop old WIT types typ_WitCustomFieldTable3"
"680","12:33:09","87","Upgrade Process database to Dev14.M89"
"682","12:33:09","87","Upgrade Dashboards database to Dev14.M89"
"683","12:33:09","87","Upgrade script for M89 to migrate dashboards for On Prem"
"684","12:33:09","87","Upgrade Build2 database to Dev14.M89"
"685","12:33:09","87","Upgrade Build database to Dev14.M89"
"686","12:33:09","87","Upgrade LabExecution database to Dev14.M89"
"689","12:33:09","87","Pre Upgrade ReleaseManagement2 database to Dev14.M89"
"690","12:33:09","87","Upgrade ReleaseManagement2 database to Dev14.M89"
"691","12:33:09","87","Post Upgrade ReleaseManagement2 database to Dev14.M89"
"693","12:33:09","87","Upgrade ExtensionManagement database to Dev14.M89"
"696","12:33:10","88","Upgrade DistributedTask database to Dev14.M89-Part2"
"697","12:33:12","88","Upgrade Framework Common database to Dev14.M90"
"698","12:33:12","88","Framework common to Dev14.M90"
"699","12:33:12","88","Enable Query Store"
"700","12:33:12","88","Contribution identifier changes to Dev14.M90"
"701","12:33:12","88","Upgrade DistributedTask database to Dev14.M90"
"702","12:33:12","88","Upgrade Build2 database to Dev14.M90"
"703","12:33:12","88","Upgrade Git database to Dev14.M90"
"704","12:33:12","88","Upgrade TestManagement database to Dev14.M90"
"705","12:33:12","88","Post Upgrade TestManagement database to Dev14.M90"
"706","12:40:58","95","Upgrade WorkItem database to Dev14.M90"
"707","12:40:58","95","Add Index to WIT tables"
"708","12:41:00","95","Clear the temporary TFVC data dump table"
"709","12:41:00","95","Upgrade VersionControl database to Dev14.M90"
"710","12:41:00","95","Upgrade Build database to Dev14.M90"
"711","12:41:00","95","Pre-Upgrade Process database to Dev14.M90 (Custom)"
"712","12:41:00","95","Upgrade Process database to Dev14.M90"
"713","12:41:00","95","Migrate process security to new namespace"
"714","12:41:00","95","Upgrade CodeReview schema to Dev14.M90"
"715","12:41:00","95","Upgrade CodeReview database to Dev14.M90"
"717","12:41:00","95","Pre Upgrade ReleaseManagement2 database to Dev14.M90"
"718","12:41:00","95","Upgrade ReleaseManagement2 database to Dev14.M90"
"719","12:41:00","95","Post Upgrade ReleaseManagement2 database to Dev14.M90"
"720","12:41:00","95","Upgrade ExtensionManagement database to Dev14.M90"
"721","12:41:00","95","Updating schema of client events"
"722","12:41:01","95","Upgrade Framework Common database to Dev14.M91"
"723","12:41:01","95","Upgrade DistributedTask database to Dev14.M91"
"724","12:41:01","95","Upgrade WorkItem database to Dev14.M91"
"725","12:41:01","95","Add Index to WorkItemTracking tables"
"726","12:41:01","95","Modify DisplayPart in Constants table"
"727","12:41:01","95","Add a upgrade script to add a RefreshInterval column in tbl_DashboardGroup table"
"728","12:41:01","95","Upgrade Dashboards database to Dev14.M91"
"729","12:41:01","95","Upgrade VersionControl database to Dev14.M91"
"730","12:41:01","95","Upgrade Build2 database to Dev14.M91"
"731","12:41:01","95","Upgrade Process database to Dev14.M91"
"732","12:41:01","95","Upgrade TestManagement database to Dev14.M91"
"733","12:41:01","95","Update columns GroupBy and MeasureProperty in tbl_TransformOptions to be of same size as ReferenceName in tbl_Field"
"734","12:41:01","95","Upgrade ReportingDataServices database to Dev14.M91"
"735","12:41:01","95","Upgrade Git database to Dev14.M91"
"736","12:41:01","95","Upgrade LabExecution database to Dev14.M91"
"737","12:41:01","95","Upgrade CodeReview database to Dev14.M91"
"738","12:41:01","95","Pre Upgrade ReleaseManagement2 database to Dev14.M91"
"739","12:41:01","95","Upgrade ReleaseManagement2 database to Dev14.M91"
"742","12:41:01","95","Upgrade registry service schema"
"743","12:41:01","95","Upgrade Framework Common database to Dev14.M92"
"744","12:41:01","95","Upgrade DistributedTask database to Dev14.M92 (Custom)"
"745","12:41:01","95","Upgrade DistributedTask database to Dev14.M92"
"746","12:41:02","95","Upgrade Framework database to Dev14.M92"
"747","12:41:02","95","Add indexes to custom tables"
"748","12:41:03","95","Set Install IsDeleted field tokens"
"749","12:41:03","95","Install IsDeleted field"
"750","12:41:03","95","Add IsDeleted Column to WorkItem Tables"
"751","12:41:03","95","Update Index to WorkItemTracking tables to include IsDeleted field"
"752","12:41:31","96","Upgrade WorkItem database to Dev14.M92"
"753","12:41:31","96","Drop old WIT types"
"754","12:41:31","96","Upgrade Git database to Dev14.M92"
"755","12:41:31","96","Pre Upgrade TestManagement database to Dev14.M92"
"756","12:41:31","96","Upgrade TestManagement database to Dev14.M92"
"757","12:41:31","96","Post Upgrade TestManagement database to Dev14.M92"
"758","12:41:31","96","Upgrade Dashboards database to Dev14.M92"
"759","12:41:31","96","Add the Index on tbl_DashboardMigration"
"760","12:41:31","96","Decode Widget Names for XAML Build Definitions in tbl_Widget"
"761","12:41:31","96","Upgrade LabExecution database to Dev14.M92"
"762","12:41:32","96","Upgrade VersionControl database to Dev14.M92"
"763","12:41:32","96","Upgrade Build2 database to Dev14.M92 pre-schema"
"764","12:41:32","96","Upgrade Build2 database to Dev14.M92"
"767","12:41:32","96","Upgrade ReleaseManagement2 database to Dev14.M92"
"768","12:41:32","96","Post Upgrade ReleaseManagement2 database to Dev14.M92"
"769","12:41:32","96","Upgrade ExtensionManagement database to Dev14.M92"
"771","12:41:32","96","Upgrade Framework Common database to Dev14.M93"
"772","12:41:32","96","Switch WorkItemTracking schema to use public registry sprocs"
"773","12:41:32","96","ServiceHooks - Remove hostId from subscription input"
"774","12:41:32","96","Remove virtualized service definitions"
"775","12:41:32","96","Registry service upgrade to M94 Part 1"
"776","12:41:32","96","Upgrade Framework Common database to Dev14.M94"
"777","12:41:32","96","Drop tbl_RegistryAuditLog"
"778","12:41:32","96","Remove typ_ServiceDefinitionTable3"
"779","12:41:32","96","Upgrade Orchestration database to Dev14.M94"
"780","12:41:32","96","Upgrade VersionControl database to Dev14.M94"
"781","12:41:33","96","Upgrade TestManagement database to Dev14.M94"
"782","12:41:33","96","Post Upgrade TestManagement database to Dev14.M94"
"783","12:41:33","96","Update System.BISLinks Field"
"784","12:41:33","96","Upgrade WorkItem database to Dev14.M94"
"785","12:41:33","96","Upgrade Dashboards database to Dev14.M94"
"786","12:41:33","96","Drop project download service procedures"
"787","12:41:33","96","Drop project download service types"
"788","12:41:33","96","Drop project download service tables"
"789","12:41:33","96","Delete project download service data"
"790","12:41:33","96","Upgrade Framework database to Dev14.M94"
"791","12:41:33","96","Upgrade Git database to Dev14.M94"
"792","12:41:34","96","Complete builds that stuck on cancelling more than a day"
"793","12:41:34","96","Upgrade Build2 database to Dev14.M94"
"794","12:41:34","96","Prepare to upgrade CodeSense database to Dev14.M94"
"795","12:41:34","96","Upgrade CodeSense database to Dev14.M94"
"796","12:41:34","96","Upgrade Discussion database to Dev14.M94"
"797","12:41:34","96","Upgrade CodeReview database to Dev14.M94"
"800","12:41:34","96","Pre Upgrade ReleaseManagement2 database to Dev14.M94 Preupgrade"
"801","12:41:34","96","Upgrade ReleaseManagement2 database to Dev14.M94"
"802","12:41:34","96","Post Upgrade ReleaseManagement2 database to Dev14.M94"
"804","12:41:34","96","Upgrade ExtensionManagement database to Dev14.M94"
"805","12:41:34","96","Upgrade Framework Common database to Dev14.M95"
"806","12:41:35","96","Drop old mail queue resquest types"
"807","12:41:35","96","Upgrade DistributedTask database to Dev14.M95"
"808","12:41:35","96","Upgrade Git database to Dev14.M95"
"809","12:41:35","96","Set Pull Request upgrade bit"
"810","12:41:35","96","Pre upgrade TestManagement database to Dev14.M95"
"811","12:41:35","96","Upgrade TestManagement database to Dev14.M95"
"812","12:41:35","96","Post upgrade TestManagement database to Dev14.M95"
"813","12:41:35","96","Update Widget Schema to support Settings Version and extend WidgetTypeId field"
"814","12:41:35","96","Migrate Widget table WidgetTypeId to contribution Id"
"815","12:41:35","96","Upgrade Dashboards database to Dev14.M95"
"816","12:41:36","96","Add index to support GetChangedWorkItems"
"817","12:41:37","96","Upgrade WorkItem database to Dev14.M95"
"818","12:41:37","96","Inject AllowExistingValue rules for OOB fields that are identity but not syncnamechanges=true"
"819","12:41:37","96","Drop stored procedure added in releases Dev14.M89-Part7"
"820","12:41:37","96","Upgrade Policy database to Dev14.M95"
"821","12:41:37","96","Upgrade Build2 database to Dev14.M85 (Custom)"
"822","12:41:38","96","Upgrade Build2 database to Dev14.M95"
"823","12:41:38","96","Upgrade VersionControl database to Dev14.M95"
"824","12:41:38","96","Upgrade CodeReview database to Dev14.M95"
"825","12:41:38","96","Upgrade Discussion database to Dev14.M95"
"826","12:41:38","96","Pre Upgrade ReleaseManagement2 database to Dev14.M95"
"827","12:41:38","96","Upgrade ReleaseManagement2 database to Dev14.M95"
"828","12:41:38","96","Post Upgrade ReleaseManagement2 database to Dev14.M95"
"829","12:41:38","96","Upgrade ExtensionManagement database to Dev14.M95"
"830","12:41:38","96","Upgrade TestManagement database to Dev14.M95.1"
"831","12:41:38","96","Upgrade Discussion database to Dev14.M95.1"
"832","12:41:39","96","Upgrade Azure Service Endpoints with SPN authentication to AzureRM type"
"833","12:41:39","96","Ensure Hosted Agent exists"
"834","12:41:39","96","Upgrade DistributedTaskOrchestration database to Dev14.M95.2"
"835","12:41:39","96","Pre Upgrade TestManagement database to Dev14.M95.2"
"836","12:41:39","96","Upgrade TestManagement database to Dev14.M95.2"
"837","12:41:40","96","Upgrade VersionControl database to Dev14.M95.2"
"838","12:41:40","96","Upgrade Build database to Dev14.M95.2"
"839","12:41:41","96","Upgrade Build2 database to Dev14.M95.2"
"840","12:41:41","96","Upgrade CodeReview database to Dev14.M95.2"
"841","12:41:41","96","Pre Upgrade ReleaseManagement2 database to Dev14.M95.2"
"842","12:41:41","96","Upgrade ReleaseManagement2 database to Dev14.M95.2"
"843","12:41:42","96","Post Upgrade ReleaseManagement2 database to Dev14.M95.2"
"844","12:41:42","96","Upgrade ExtensionManagement database to Dev14.M95.2"
"845","12:41:42","96","Remove CollectionKpiStatsJob"
"847","12:41:43","96","Update Job Definitions"
"849","12:41:43","96","Remove suite repopulate job"
"852","12:41:43","96","Register Git EventTypes"
"855","12:41:43","96","Update Job Definition"
"856","12:41:43","96","Register Git EventTypes"
"859","12:41:43","96","Register Chat Notification Event Types"
"860","12:41:43","96","Register Git EventTypes"
"861","12:41:43","96","Add trend data rebuild job"
"864","12:41:44","96","Add Job Definitions"
"865","12:41:44","96","Register * EventType"
"866","12:41:44","96","Subscribe for all events for PersistedNotifications"
"867","12:41:45","96","Update WorkItemTracking Job Definitions"
"870","12:41:45","96","Configure framework servicing tokens"
"871","12:41:45","96","Create Location Security Namespace"
"872","12:41:45","96","Initialize Location Permissions"
"874","12:41:45","96","Upgrade Subscriptions To Dataspace"
"881","12:41:49","96","Register Build Retention Policy Jobs"
"882","12:41:49","96","Setup default data"
"883","12:41:50","96","Initialize Git Permissions for M72"
"884","12:41:50","96","Remove Unused Git Permissions for M72"
"885","12:41:50","96","Create the Temporary Property Artifact Kind"
"886","12:41:50","96","Install Orchestration Data"
"887","12:41:50","96","Upgrade Strongbox Items"
"889","12:41:50","96","Install Collection Data for DistributedTaskOrchestration Database"
"890","12:41:50","96","Setup Git environment"
"891","12:41:50","96","Remove obsolete registry value for v2 Git security token format"
"892","12:41:50","96","Update Git Security Namespace"
"893","12:41:50","96","Add CreateScope permission bit to Identity namespace"
"895","12:41:50","96","Setup work item environment"
"896","12:41:50","96","Migrate data in constants and set registry item"
"897","12:41:51","96","Remove minimum client version to provision so it uses default"
"898","12:41:51","96","Install Data for Build2 Database"
"899","12:41:51","96","Create default build queue"
"900","12:41:51","96","Create the Build Property Artifact Kind"
"901","12:41:51","96","Create storage growth counter"
"902","12:41:51","96","Add Job Definitions"
"903","12:41:51","96","Set Default Process Template"
"904","12:41:52","96","Upgrade Process Template References"
"905","12:41:52","96","Update TeamField values for all teams to use AreaIds"
"906","12:42:00","96","Add a row for DTA Agent counters"
"907","12:42:00","96","Add a row for Slice counters"
"908","12:42:00","96","Add a row for DTADtlMachine counters"
"909","12:42:00","96","Install Data for Build2 Database"
"911","12:42:00","96","Configure servicing tokens"
"912","12:42:00","96","Create Service Hooks Collection-level Security Namespace"
"913","12:42:00","96","Initialize Service Hooks Permissions Common"
"914","12:42:00","96","Initialize Service Hooks Collection Permissions"
"915","12:42:00","96","Queue a job to handle long-run servicing steps"
"916","12:42:00","96","Create ServiceHooks Dataspace"
"917","12:42:00","96","Install data for service hooks database"
"918","12:42:00","96","Configure servicing tokens"
"919","12:42:00","96","Create Service Hooks Security Namespace"
"920","12:42:00","96","Initialize Service Hooks Permissions Common"
"922","12:42:00","96","Create Team Project Remote Security Namespace"
"923","12:42:00","96","Add Job Definitions Common"
"927","12:42:00","96","Remove Tcm Migration Job"
"928","12:42:00","96","Add TestAgent HealthJob Definitions"
"929","12:42:00","96","Remove the Dev12CleaupJob"
"930","12:42:00","96","Register Distributed Task Plan Cleanup Job - M78 Upgrade"
"932","12:42:00","96","Install Data for Build2 Database"
"933","12:42:00","96","Register Build2 Retention Policy Jobs"
"934","12:42:00","96","Update chat messages with IDs to support project rename"
"935","12:42:10","97","Update kanban extensions to include Done field and rules"
"936","12:42:55","97","Update WorkItemTracking Job Definitions"
"937","12:42:55","97","Remove Project Publisher Job"
"938","12:42:55","97","Add Project Update Job"
"939","12:42:55","97","Update TFVC Paths in Build2 Definitions"
"940","12:42:55","97","Setup sync environment"
"941","12:42:55","97","Move source control authority from catalog to project service"
"942","12:43:07","97","Migrate index pointers to SQL"
"943","12:43:08","97","Reshape Git Metadata"
"944","12:43:08","97","Create DevTestLabs Dataspace"
"945","12:43:08","97","Create DevTestLabs Environment Property Artifact Kind"
"946","12:43:08","97","Create DevTestLabs Template Property Artifact Kind"
"947","12:43:08","97","Create DevTestLabs Subscription Property Artifact Kind"
"948","12:43:08","97","Fix Distributed Task Hub for M80 Isolation"
"949","12:43:08","97","Set DistributedTaskOrchestration Hub Version"
"950","12:43:08","97","Update Project Update Job Priority To High"
"951","12:43:08","97","Move project description from the catalog to project service."
"952","12:43:08","97","Update malformed project process template references"
"953","12:43:08","97","Make template types unique"
"955","12:43:10","98","Set IsIdentity Bit for Identity fields"
"956","12:43:10","98","Refresh Service Hooks based event subscriptions"
"957","12:43:11","98","Update Build Definitions Schedule Jobs"
"958","12:43:12","98","Create Build Task Hub"
"959","12:43:12","98","Fix build subscriptions to use project guids to become resilient to project rename"
"960","12:43:13","98","Fix checkin subscriptions to use project guids to become resilient to project rename"
"961","12:43:15","98","Delete the Pending Change Property Artifact Kind"
"962","12:43:15","98","Create CodeReview Default Dataspace"
"963","12:43:15","98","Install Data for Code Review Database"
"964","12:43:15","98","Create the CodeReview Provider Artifact Kind"
"965","12:43:15","98","Create the Review Properties Artifact Kind"
"966","12:43:15","98","Create the Iteration Properties Artifact Kind"
"967","12:43:15","98","Remove CodeReview Job Definitions"
"968","12:43:15","98","Populate process template data xml column"
"970","12:43:15","98","Set HasUniqueIdentityDisplayName Bit for Identity fields (nolock)"
"974","12:43:15","98","Delete Framework Account job definitions."
"975","12:43:15","98","Update Job Definitions"
"976","12:43:15","98","Set DistributedTaskOrchestration Hub Version"
"977","12:43:15","98","Update Project Update Job Priority Level To Idle"
"978","12:43:15","98","Install Data for Build2 Database"
"979","12:43:15","98","Update kanban extensions to include Lane field"
"980","12:43:16","98","Add FLICatchup Job Definitions"
"981","12:43:16","98","Configure servicing tokens"
"984","12:43:16","98","Create Release Management Distributed Task Hub"
"985","12:43:16","98","Re-run upgrade DistributedTaskOrchestration database to Dev14.M82 (Isolate and Cleanup Counters)"
"986","12:43:16","98","Setup Git environment"
"987","12:43:16","98","Set the collection partition id tokens in servicing context"
"988","12:43:16","98","Updates all rows in tbl_GitCommit and sets the Status to Unpopulated (255)"
"989","12:43:16","98","Populate commit changes"
"990","12:43:16","98","Create the IdentityMru Property Artifact Kind"
"991","12:43:16","98","Remove Quota Job Definition"
"992","12:43:16","98","Upgrade Subscriptions To Dataspace"
"993","12:43:16","98","Set Partition State To Active"
"994","12:43:16","98","Set HasUniqueIdentityDisplayName Bit for Identity fields (nolock)"
"995","12:43:16","98","Fix shared query nodes that are missing their name"
"996","12:43:17","98","Update Build Controller custom assembly paths"
"997","12:43:18","98","Update Build Definition source providers and process parameters"
"998","12:43:39","98","Update ProjectCollection Service Identity Permissions"
"999","12:43:39","98","Create ReleaseManagement Dataspace"
"1000","12:43:39","98","Configure servicing tokens"
"1001","12:43:39","98","Update Release Management Security Namespace"
"1002","12:43:39","98","Create the TestAgent Artifact Kind"
"1003","12:43:39","98","Create the Automation run Artifact Kind"
"1004","12:43:39","98","Transform Query of QueryBased Suite"
"1005","12:43:46","98","Create Distributed Task Dataspace"
"1006","12:43:46","98","Transform Query of QueryBased Suite"
"1007","12:43:46","98","Set HasUniqueIdentityDisplayName Bit for Identity fields (nolock)"
"1014","12:43:46","98","Add Job Definitions"
"1015","12:43:46","98","Setup Distributed Task Environment"
"1016","12:43:46","98","Create Service Endpoint Security Namespaces"
"1017","12:43:46","98","Provision Service Endpoint Security Groups"
"1021","12:43:47","98","Data migration of Connected Services to Service Endpoints"
"1022","12:43:47","98","Provision Build Service Identities"
"1024","12:44:00","98","Set DisableDuringUpgrade flag for cleanup jobs"
"1025","12:44:00","98","Update Ranks on Work Item Type Extensions (Kanban)"
"1026","12:44:14","99","Back fill kanban extension parent field history"
"1027","12:44:22","99","Set DisableDuringUpgrade flag for cleanup jobs"
"1028","12:44:22","99","Create system field definitions for all existing projects"
"1029","12:44:23","99","Remove permissions for unused project collection service identity"
"1030","12:44:23","99","Repair Build Service permissions on projects"
"1031","12:44:23","99","Delete send mail job definition from collection."
"1034","12:44:23","99","Setup Distributed Task Environment"
"1035","12:44:23","99","Create Agent Queue Security Namespace"
"1036","12:44:23","99","Create Root Scope for Agent Queue Groups"
"1037","12:44:24","99","Migrate Agent Queues to Group Scopes"
"1038","12:44:24","99","Migrate known files to SQL"
"1039","12:44:25","99","Create Git storage cleanup job"
"1040","12:44:25","99","Register Git Artifact Types"
"1041","12:44:25","99","Register WorkItemTracking Artifact Types"
"1042","12:44:25","99","Set Default Process Template"
"1043","12:44:25","99","Create system field definitions for all existing projects"
"1044","12:44:25","99","Create default result retention settings for all existing projects"
"1045","12:44:26","99","For all existing entry in tbl_BuildConfiguration update build deletion state"
"1046","12:44:31","99","Add Build Administrators to Queue Administrators Group"
"1048","12:44:31","99","Setup Distributed Task Environment"
"1049","12:44:31","99","Update Service Endpoint Security Namespaces"
"1050","12:44:31","99","Provision Service Endpoint Project Level Security Groups"
"1052","12:44:31","99","Set Administrator Permissions For Team Projects"
"1053","12:44:34","99","Apply configuration to all the jobs"
"1054","12:44:34","99","Register WorkItemTracking Artifact Types"
"1055","12:44:34","99","Create Queues for Agent Pools"
"1056","12:44:35","99","Data migration of Azure Service Endpoints to ConnectedServices"
"1057","12:44:36","99","Create the Extension Settings Service Artifact Kind OnPrem"
"1058","12:44:36","99","Setup the initial ems db configuration"
"1059","12:44:36","99","Setup Extension Management environment"
"1060","12:44:36","99","Create Extension Management Collection-level Security Namespace"
"1061","12:44:36","99","Initialize Extension Management Permissions Common"
"1062","12:44:36","99","Update database optimization job"
"1063","12:44:36","99","Install Collection Data for Distributed Task Database"
"1064","12:44:36","99","Setup tokens"
"1065","12:44:36","99","Create Process Security Namespaces"
"1066","12:44:36","99","Initialize Process Security Permissions"
"1067","12:44:36","99","Add Job Definitions"
"1068","12:44:36","99","Register Analytics Job Definitions"
"1070","12:44:36","99","Update the cleanup job to not time out"
"1071","12:44:36","99","Set DistributedTaskOrchestration Hub Version"
"1072","12:44:36","99","OnPrem - Back fill kanban extension parent field history"
"1075","12:44:36","99","Setup tokens"
"1076","12:44:36","99","Add workItem soft delete permission to Project security namespace"
"1077","12:44:36","99","Upgrade pack index to M91 format"
"1078","12:44:36","99","Register Analytics Job Definitions"
"1079","12:44:36","99","Create the Extension Properties Artifact Kind"
"1080","12:44:36","99","Create orchestration hub cleanup job"
"1081","12:44:36","99","Setup tokens"
"1082","12:44:36","99","Add work item move permission to Project security namespace"
"1083","12:44:36","99","Find and store max run Id without Summary and Insights"
"1084","12:44:36","99","Delete Run summary and Insights for Xaml builds"
"1085","12:44:36","99","Migrate external git repos to service endpoints"
"1086","12:44:37","99","Update Analytics Job Definitions"
"1087","12:44:37","99","Add WorkItemTracking Job Definitions"
"1088","12:44:37","99","Update job definitions"
"1090","12:44:37","99","Update on-prem job definitions"
"1092","12:44:37","99","Setup tokens"
"1093","12:44:37","99","Add workItem permanently delete permission to Project security namespace"
"1098","12:44:37","99","Clean-up Unwanted On-Prem Analytics Job Definitions"
"1099","12:44:37","99","Release management project service step"
"1104","12:44:37","99","Add WorkItemTracking Job Definitions"
"1105","12:44:37","99","Update Ranks on Work Item Type Extensions (Kanban)"
"1106","12:44:38","99","OnPrem - Back fill kanban extension parent field history"
"1112","12:44:38","99","Clean-up Unwanted On-Prem Analytics Job Definitions"
"1115","12:44:38","99","Register Release Retention Policy Job"
"1116","12:44:38","99","Set WorkItem Permissions For Team Projects Admin Group"
"1117","12:44:40","99","Queue TFVC Corruption fixup job"
"1118","12:44:40","99","Configure servicing tokens"
"1119","12:44:40","99","Update Release Management Security Namespace"
"1120","12:44:40","99","Add delete releases and manage deployments permission to all administrator groups"
"1121","12:44:40","99","Repair Tfs Roles"
"1122","12:44:41","99","Repair Framework Database"
"1123","12:44:43","99","Repair Integration Database"
"1124","12:44:44","99","Repair Process Database"
"1125","12:44:44","99","Repair VersionControl Database"
"1126","12:44:46","99","Complete Repair VersionControl Database"
"1127","12:44:47","99","Repair Discussion Database"
"1128","12:44:47","99","Repair Mention Database"
"1129","12:44:47","99","Repair Chat Database"
"1130","12:44:47","99","Repair Dashboard Database"
"1131","12:44:47","99","Repair Agile Database"
"1132","12:44:47","99","Repair CodeSense Database"
"1133","12:44:47","99","Repair Git Database"
"1134","12:44:48","99","Repair ReportingDataServices Database"
"1135","12:44:48","99","Repair Build Database"
"1136","12:44:49","99","Repair Build2 Database"
"1137","12:44:49","99","Pre-Repair WorkItemTracking Database"
"1138","12:44:49","99","Repair WorkItem Tracking Database"
"1139","12:44:52","99","Repair WorkItemTracking DatabaseFull Text Index"
"1140","12:44:52","99","Repair Test Management Database"
"1141","12:44:54","99","Repair LabExecution Database"
"1142","12:44:55","99","Repair Policy Database"
"1143","12:44:55","99","Repair DistributedTask Database"
"1144","12:44:56","99","Repair DistributedTaskOrchestration Database"
"1145","12:44:56","99","Repair Orchestration Database"
"1146","12:44:56","99","Repair Service Hooks Database"
"1147","12:44:56","99","Repair CodeReview Database"
"1148","12:44:56","99","Repair DevTestLabs Database"
"1149","12:44:57","99","Repair Release Management Database"
"1150","12:44:57","99","Repair Extension Management Database"
"1151","12:44:57","99","Repair job queue"
"1152","12:44:57","99","Delete TFS_SNAPSHOT_COLLECTIONID stamp"
"1153","12:44:57","99","Delete TFS_SNAPSHOT_STATE stamp"
"1154","12:44:57","99","Delete TFS_IS_HOSTED_SNAPSHOT stamp"
"1155","12:44:57","99","Delete TFS_EXPORT_ID stamp"
"1156","12:44:57","99","Delete TFS_CLOUDIMPORT_COMPLETE stamp"
"1157","12:44:57","99","Drop existing framework snapshot schema if it exists"
"1159","12:44:58","99","Remove any service definitions that the catalog entries created"
"1160","12:44:58","99","Remove the Catalog Property Artifact Kind"
"1161","12:44:58","99","Remove the Identity Property Artifact Kind"
"1162","12:44:58","99","Remove the snapshot registry entries"
"1163","12:44:58","99","Restore Recovery Model"
"1164","12:44:58","99","Turn on RCSI"
"1165","12:45:12","100","Copy service level stamp"
"1166","12:45:12","100","Remove pre-upgrade service level stamp"
"1167","12:45:12","100","Stamp collection database product version"
"1168","12:45:12","100","Update Schema Version"
"1170","12:45:12","100","Update Database Properties"
